<?xml version="1.0" encoding="UTF-8" ?>
<module>
	<name>blockbestsellers</name>
	<displayName><![CDATA[Bloque M&aacute;s vendidos]]></displayName>
	<version><![CDATA[1.8.0]]></version>
	<description><![CDATA[A&ntilde;adir un bloque para mostrar los productos m&aacute;s vendidos de la tienda.]]></description>
	<author><![CDATA[PrestaShop]]></author>
	<tab><![CDATA[front_office_features]]></tab>
	<is_configurable>1</is_configurable>
	<need_instance>0</need_instance>
	<limited_countries></limited_countries>
</module>