<?xml version="1.0"?>
<modules_list theme="default-bootstrap"><modules type="trusted"><module name="socolissimo"/><module name="hipay"/><module name="skrill"/><module name="paypal"/><module name="trustedshops"/><module name="mondialrelay"/><module name="envoimoinscher"/><module name="ogone"/><module name="fianetfraud"/><module name="fianetsceau"/><module name="twenga"/><module name="ebay"/><module name="cashondelivery"/><module name="ganalytics"/><module name="shoppingfluxexport"/><module name="upscarrier"/><module name="authorizeaim"/><module name="avalaratax"/><module name="autoupgrade"/><module name="gamification"/><module name="gsitemap"/><module name="gadwords"/><module name="firstdata"/><module name="pagseguro"/><module name="paypalusa"/><module name="sendinblue"/><module name="realexredirect"/><module name="bankwire"/><module name="blockwishlist"/><module name="carriercompare"/><module name="cheque"/><module name="dateofdelivery"/><module name="editorial"/><module name="favoriteproducts"/><module name="feeder"/><module name="followup"/><module name="gapi"/><module name="loyalty"/><module name="mailalerts"/><module name="newsletter"/><module name="productcomments"/><module name="pscleaner"/><module name="referralprogram"/><module name="sendtoafriend"/><module name="watermark"/><module name="sofortbanking"/><module name="desjardins"/><module name="blockadvertising"/><module name="blockbanner"/><module name="blockbestsellers"/><module name="blockcart"/><module name="blockcategories"/><module name="blockcms"/><module name="blockcmsinfo"/><module name="blockcontact"/><module name="blockcontactinfos"/><module name="blockcurrencies"/><module name="blockcustomerprivacy"/><module name="blockfacebook"/><module name="blocklanguages"/><module name="blocklayered"/><module name="blocklink"/><module name="blockmanufacturer"/><module name="blockmyaccount"/><module name="blockmyaccountfooter"/><module name="blocknewproducts"/><module name="blocknewsletter"/><module name="blockpaymentlogo"/><module name="blockpermanentlinks"/><module name="blockrss"/><module name="blocksearch"/><module name="blocksharefb"/><module name="blocksocial"/><module name="blockspecials"/><module name="blockstore"/><module name="blocksupplier"/><module name="blocktags"/><module name="blocktopmenu"/><module name="blockuserinfo"/><module name="blockviewed"/><module name="crossselling"/><module name="dashactivity"/><module name="dashgoals"/><module name="dashproducts"/><module name="dashtrends"/><module name="graphnvd3"/><module name="gridhtml"/><module name="homefeatured"/><module name="homeslider"/><module name="pagesnotfound"/><module name="productpaymentlogos"/><module name="productscategory"/><module name="producttooltip"/><module name="sekeywords"/><module name="socialsharing"/><module name="statsbestcategories"/><module name="statsbestcustomers"/><module name="statsbestmanufacturers"/><module name="statsbestproducts"/><module name="statsbestsuppliers"/><module name="statsbestvouchers"/><module name="statscarrier"/><module name="statscatalog"/><module name="statscheckup"/><module name="statsdata"/><module name="statsequipment"/><module name="statsforecast"/><module name="statslive"/><module name="statsnewsletter"/><module name="statsorigin"/><module name="statspersonalinfos"/><module name="statsproduct"/><module name="statsregistrations"/><module name="statssales"/><module name="statssearch"/><module name="statsstock"/><module name="statsvisits"/><module name="themeconfigurator"/><module name="vatnumber"/><module name="seur"/><module name="simplifycommerce"/><module name="boxdropshipment"/><module name="cronjobs"/><module name="onboarding"/><module name="yousticeresolutionsystem"/><module name="klikandpay"/><module name="bluesnap"/><module name="nostotagging"/><module name="paypalmx"/><module name="easymarketing"/><module name="dotpay"/><module name="reforestaction"/><module name="expressmailing"/><module name="bpostshm"/><module name="ovhhosting"/><module name="mercadopagobr"/><module name="chronopost"/><module name="nimblepayment"/><module name="protectedshops"/><module name="advancedeucompliance"/><module name="eurovatgenerator"/><module name="famebit"/><module name="liveperson"/><module name="mobfirst"/><module name="securitypatch"/><module name="openpayprestashop"/><module name="mediafinanz"/><module name="creditfr"/><module name="oneandonehosting"/><module name="checkyourdata"/><module name="remarkety"/><module name="alipay"/><module name="amzpayments"/><module name="safeshops"/><module name="becommerce"/><module name="hipaymobileivr"/><module name="twengabid"/><module name="twengafeed"/><module name="lowcostexpress"/><module name="skebby"/><module name="selldorado"/><module name="pudo"/><module name="packlink"/><module name="steerfox"/><module name="ebadgeletitbuy"/><module name="etranslation"/><module name="pm_advancedpack"/><module name="upstrackingv2"/><module name="gshopping"/><module name="pm_advancedtopmenu"/><module name="prestagiftvouchers"/><module name="amazon"/><module name="pm_advancedsearch4"/><module name="dmuassocprodcat"/><module name="storemanagerparaprestashop"/><module name="printlabels"/><module name="auctions"/><module name="allinone_rewards"/><module name="pm_seointernallinking"/><module name="ordertaxprofitreport"/><module name="zipcodezone"/><module name="cdiscount"/><module name="gsnippetsreviews"/><module name="siretcustomergroup"/><module name="pm_multiplefeatures"/><module name="pm_cachemanager"/><module name="customfields"/><module name="groupinc"/><module name="newsletterpro"/><module name="lgcookieslaw"/><module name="dmulistecommandes"/><module name="pushoncart"/><module name="hspointofsalepro"/><module name="seoexpert"/><module name="giftcards"/><module name="supercheckout"/><module name="orderedit"/><module name="mailchimp"/><module name="bmsboletobancario"/><module name="quotation"/><module name="djtalbrazilianregister"/><module name="linio"/><module name="inmotion"/><module name="webhostinghub"/><module name="alignetpayme"/><module name="productlabel"/><module name="pqeasypost"/><module name="popnewsletter"/><module name="mercadolibre"/><module name="djtalkomerci"/><module name="djtalrastreamento"/><module name="djtalclearsalestart"/><module name="adyen"/><module name="productslider"/><module name="fastbay1"/><module name="onlinechat"/><module name="pm_easyplaces"/></modules></modules_list>
