<?xml version="1.0" encoding="UTF-8" ?>
<module>
	<name>blockmanufacturer</name>
	<displayName><![CDATA[Bloque de fabricantes]]></displayName>
	<version><![CDATA[1.4.0]]></version>
	<description><![CDATA[Muestra un bloque con la lista de fabricantes de productos y/o marcas.]]></description>
	<author><![CDATA[PrestaShop]]></author>
	<tab><![CDATA[front_office_features]]></tab>
	<is_configurable>1</is_configurable>
	<need_instance>0</need_instance>
	<limited_countries></limited_countries>
</module>