<?xml version="1.0" encoding="UTF-8" ?>
<module>
	<name>blockcmsinfo</name>
	<displayName><![CDATA[Bloque de informaci&oacute;n CMS personalizado]]></displayName>
	<version><![CDATA[1.6.0]]></version>
	<description><![CDATA[A&ntilde;ade bloques de informaci&oacute;n personalizados en su tienda.]]></description>
	<author><![CDATA[PrestaShop]]></author>
	<tab><![CDATA[front_office_features]]></tab>
	<is_configurable>1</is_configurable>
	<need_instance>0</need_instance>
	<limited_countries></limited_countries>
</module>